,FCZ,PO8,TP7,FC5,CP3,Class
0,-0.33951931616646874,0.7610638598520492,0.44895203793254085,-0.2996133527834285,-0.359409908863222,control
1,0.16877252325773118,0.16929783859952718,0.2453147213723375,0.013847628416089094,0.4638924822480678,control
2,0.5891546577644297,0.8189182331246863,-0.07721623575319496,0.822822658728767,-0.07597223870290554,control
3,0.8354354882658186,0.8762168855147101,-0.1691352396369468,0.9253158540627634,-0.5630208589307508,control
4,0.8030418939556437,0.9985125533620521,0.06793742015532186,0.5612192168912427,0.6629415568436452,control
5,1.318775221274763,0.78241856221407,0.9825595279216461,-0.19211757408689467,0.9891680132262934,control
6,1.0221523142998423,0.4736836323611966,-0.20071417909718517,-1.1433974195371737,-1.6286118509525098,control
7,-0.28483143333534255,0.9632058875748561,0.5391004360880786,-0.08249449560573324,-0.8033541166253352,control
8,0.11342433687376174,-0.11160198239969565,-0.10244134093143847,0.7269711869546971,0.631834868851709,control
9,1.1085777095835323,-0.46700255438344884,-0.1789851926079236,0.2842828989797818,0.47953885394526674,control
10,0.677407193605691,-0.15594174163047625,-1.2746171067613024,-0.7500027897221628,-1.1115552929628687,control
11,1.6299085045910156,0.08281020718884902,-0.7927378133554353,-0.763616278545117,-0.26089792420196556,control
12,1.4296860639680977,0.4567271052471409,-0.3503227954567759,1.288419147239846,0.012202523513789192,control
13,0.5541804657685798,0.9864339048982596,-0.08196067551154865,-0.6227550786719203,0.43787748434913787,control
14,1.2291087499631135,0.3506819844847098,-0.35684794528900476,-1.1390484737475894,-0.5089999459873651,control
15,-0.42770214511624705,0.09161990348011217,-0.04580985505265664,-1.0059113398385686,0.10243208107968069,control
16,-0.3022851441721054,-0.16964153321159525,-0.7627709186692653,-1.500041744520187,-0.9456240229803511,control
17,2.190656954860062,0.8949935546077517,0.257461842409881,-0.13455830881425535,1.8648581647961928,control
18,0.17491448755218078,0.941767912255594,-0.9691484875592306,-1.2753792927602292,-1.3833806321724194,control
19,-0.06717292857347523,1.8820448509253236,0.7100432501245364,-0.38403146530898646,1.921792993396347,control
20,-0.35218134702719317,1.613518011747278,0.6371897176517285,0.16122538812323517,0.6821994048546807,control
21,1.0180907201156706,0.9280333054409791,-1.0575520194165242,-1.2856913726722188,-1.3867725704716238,control
22,1.3163046464742412,0.3658321245125292,-1.2385818645787363,-0.5346744214919418,-1.2139009433813719,control
23,0.9586917156073591,0.42680261878117265,0.07818910804953168,0.06039782010251642,0.841662424226227,control
24,-0.03550028532491628,0.2088898952433338,-0.44893850554085657,-0.9563291100300692,0.41596330000651377,control
25,0.788048673840052,1.4463533391781433,0.6322772090623364,1.1824081194545633,0.22715599798533503,control
26,-0.2965230032623662,1.0862805009804253,-0.7957811475937491,-0.6710268831805747,-1.0245500146484188,control
27,0.38591421880895016,1.0679697607539032,1.4636548433739014,-0.7629487072835911,0.13925671176680277,control
28,0.57853997096293,0.7898374745860053,0.992880562788919,0.04952340148352807,0.9992823750242156,control
29,0.09472923838193938,1.7968194484842208,0.1813650452648129,-0.8236440262790452,0.6270651887054338,control
30,-0.07133798954580657,1.389475482597447,0.2741484242620581,0.4247436870556576,0.7519044188503407,control
31,0.5232896326570655,0.7388500485961382,1.0305512159105579,0.1508048319584904,-1.557055155569016,control
32,-1.1062633455831186,1.9273118493626922,0.11869025966800534,0.3476945288754677,-0.6040246215310392,control
33,-0.4342489449632191,1.7032257494836833,1.3878118517144185,0.8103567976929495,0.37069351121742006,control
34,-0.5496065401505246,2.5823678130912553,1.324204436548865,0.969249521872803,-0.4379581535285464,control
35,-1.0084204237419576,1.3106880766910924,0.38429887823135445,0.03326996321136036,0.6178398386338982,control
36,-0.16720060360167033,0.9152237414838047,-1.1302950573806503,-0.40777918237010335,-0.4180322068969389,control
37,1.384450424755581,2.13157835640086,0.2853091950519589,0.946731202426717,-0.9192684585323522,control
38,0.5680853779618058,1.9842972614646497,0.8306532967153764,0.27287196347102594,1.1642407602486493,control
39,1.3586257677238307,1.2781943941848748,0.567180688638153,0.1608043026058462,0.5773226308717572,control
40,0.39064784792242657,1.895681330069766,0.02462993557043125,-0.823106560309219,1.9478447525067895,control
41,0.286005705184941,2.0195205458602707,0.72524026696563,0.8355577003274978,2.1505534954645267,control
42,-0.9017150850471186,0.37160138646895613,0.8819504687845457,0.5024740138510934,0.25569388971692264,control
43,0.7068756235975208,1.386292109121158,1.6075709944935506,1.1497647919289156,0.4796445268167524,control
44,0.71624477831686,0.2897772612866205,1.7324941614908391,2.7827211876460316,2.563059120418821,control
45,1.2416396678446766,1.0266173432324535,0.7232822233999048,1.2751368175090028,0.4092734978728124,control
46,0.5904160010123444,2.3862374391878687,-0.017099536810068816,0.24676608357815533,-0.8130674315292299,control
47,0.04672432059021919,1.3467792055856478,1.4349299286410406,1.9237192797492013,0.506616057238183,control
48,0.6312083028179564,0.5905194797602236,-0.21829317551586053,0.20025731892439458,0.5464865318780965,control
49,0.9632002664939869,1.7178169507694179,2.1582413815838217,2.266704034442819,-0.48800436479160825,control
50,1.2189685489502509,1.5403236270521647,0.12273090810266761,1.5273243709638047,-1.319009251635467,control
51,-0.3266147545349171,0.6842109615904516,1.4418478715502987,2.8322387407845495,0.8023702666083952,control
52,-1.3936050588591364,1.7254111959929261,0.08143320723238245,-0.5348310667666872,0.18063600403859298,control
53,0.7954894239918621,1.4518892103243832,0.24416877588117378,-0.2276507825682545,-0.3400445729819893,control
54,1.537618306929574,1.461049241206908,1.330252708964879,0.9820540882102282,1.9414035138804864,control
55,1.9778764321257314,1.8452111829034583,1.1122377570837194,0.40832127582913036,1.6167346030879353,control
56,1.9306990344699537,1.388106632731895,0.3492791383094871,0.23519910678673334,2.5934692865149813,control
57,-0.048053570725108186,1.995976961934082,-0.09500615824876608,1.780810225788166,-1.1469036222088351,control
58,1.5448763431307784,2.451697504301158,0.6144736466715446,0.40418204907941985,0.9916750836449136,control
59,1.8771841037724237,0.03775524223531168,1.5081843119103762,2.136763708492287,2.4018401866079007,control
60,-0.8194769556434423,1.3991955454525764,0.051796367804948396,-0.381209343305467,-0.7267930962401571,control
61,-1.3099096035808957,0.5368684373349286,-0.32146409867719583,1.2575503439785174,-0.6345332737513811,control
62,-1.1156149313861916,0.42998807731939415,0.4426776733873387,-0.6040960634106045,0.14297833569286972,control
63,-0.1250492326192864,-0.1818695539630779,0.8834334239927077,1.0944597328486003,-0.39421195432699413,control
64,-0.6625097484201932,1.6302945875897967,0.9550779608331869,-0.1300689636957012,0.8041420960883473,control
65,-1.8512943729031635,-0.35048681254532577,0.022441271365867904,0.25910419699642107,-1.5344407684077495,control
66,1.0240165858040624,1.6184682045504313,1.6018653553007067,-0.008887022573532799,-0.35432567305372287,control
67,-1.3755257205609914,0.16405034048442324,0.977623964998435,-0.2865868381727481,-0.5957621807517509,control
68,0.5293877223827692,0.6645226191310802,0.658612483634266,0.12479570521139682,0.6277208978502572,control
69,1.2406222323862244,0.5548044603186298,1.6719335755336875,0.17777172347108955,0.2167922800259502,control
70,-0.5309201509717512,1.4739989008671495,1.8100704953570539,-0.13149026654143592,0.33642729370542124,control
71,-1.0506963200746617,1.6528088172677724,2.52568468437446,2.113205763913185,2.601791933547435,control
72,1.2041075871050735,0.7894887532588435,-0.8580186096490297,-0.1481896270639633,-0.009747907968176747,control
73,-1.4719075115763847,0.7595013206333768,0.4026701523106724,1.2354720190961677,-1.4639635610675343,control
74,-0.37923099263050636,1.8279403930431135,0.015535710785127641,0.4555565231107155,0.2907099421364887,control
75,-0.5927797203013345,0.5962180382423086,0.9274827168110151,1.278225943539406,-1.0459877697462998,control
76,-1.0136245312511751,0.764401915569592,1.2981808996220927,-1.1040465714752203,-0.45704184797803754,control
77,-0.4403864463677364,1.818744029576689,0.3965916130441915,1.7774849006977802,-0.8618897825128966,control
78,-1.6703809290851241,0.9848670533528006,0.40458232879439004,0.8458268832435425,-0.5710032126399502,control
79,0.17967639391475093,0.5777559480027681,1.5522314290689725,0.26019277297241006,-0.36246750725185667,control
80,-0.012133147872641477,0.6592340063979518,0.7705860825987811,1.4103174094260165,-0.7048212848883819,control
81,-1.8931227659129295,1.8009468550504761,2.2922522148354374,0.48594509101473027,0.02238581575685796,control
82,-1.5400639062493973,1.3583723906699785,0.09325841782751038,0.1602347387974527,-0.5442626461721357,control
83,1.630813068859909,1.0980989593271009,1.4758506612601348,0.5468799518668013,-1.054926892579339,control
84,-1.4820138316815084,0.6409829649851752,1.262172947267683,0.12081201340673642,0.8267757391471764,control
85,-0.6860640952864956,1.317148201306711,2.1816549217589514,0.19079731517347487,0.6905258638491768,control
86,-2.98397707474615,1.4219463946736268,0.7062329394405955,1.0623860283032411,-0.27017681861465925,control
87,-1.9024621973119888,0.3440245097524046,1.6236836874034202,1.1585233382446063,-0.33414080080104314,control
88,-1.11213138642445,0.3167941141211357,2.1481345195085777,0.7983527208217205,-0.5150489321867724,control
89,-2.7425445624973994,0.6404118941450823,1.1765251483584749,1.5168112349186962,0.584084558799221,control
90,0.7917008272010039,1.7966547869230403,0.8231012846599339,1.0328470833537777,-0.15532883609665718,control
91,-0.45188489467989273,0.37887769308824315,-0.013605546612785749,-0.2577800462339141,-0.14631961621002493,control
92,1.656792219147179,0.1063150445952108,-0.008085389149223299,-0.9085774436212224,0.8988446087481544,control
93,1.1658767450379774,0.5266538452818339,0.8981619131171492,-0.06090675024177947,1.1242544219021458,control
94,-0.46122832277105547,2.0366894538249323,-0.22155908177731748,-0.4507655739851412,0.3367301463875785,control
95,1.065629036878474,1.3673833439033274,0.07795507982596672,-0.8634108265621022,0.38079547891178156,control
96,0.6572291293394229,1.3898204435087296,1.008759708859831,0.14789863258731695,0.8346480082781095,control
97,0.21719805278334914,0.6451856382092063,-0.13128110163436568,-0.44790922107392733,-0.09360138618585183,control
98,0.5140361612440961,1.0360512110725768,0.2152288588542933,-0.8698855346055454,-0.004305887802193181,control
99,2.3308301486134977,1.326052674202745,0.2598532247678098,0.7460182375411932,1.0868739409317856,control
100,0.9417013408063274,1.6604368395742624,-0.05732996831829282,1.4062921030151332,0.8265453468046986,control
101,0.4929101076355571,0.6534021847732019,0.43524420188411717,0.1297584973641771,-0.33828178523582275,control
102,0.20758689211867248,1.33309647167723,0.17329808973798405,-0.41392950760751895,-0.3340006372393102,control
103,0.1265562136432883,1.4580706867483872,0.6973021733343332,0.2140531231368094,0.6670446190372273,control
104,1.6313874840170621,0.9878971464008638,0.4601961935427691,-0.41927139477487224,-0.7213987611981044,control
105,0.7955745168497377,1.8850368874004477,0.48506769427526325,0.26059690957181303,0.42493728289857924,control
106,2.5766869835967046,0.6115322504611769,-0.6803056229057028,0.7083317935374558,0.06358240469759939,control
107,1.6601262601529214,0.027852964920974443,1.3323415713793993,0.7247371104761796,0.5870400454914245,control
108,-0.1605217571251205,1.4289110258622695,0.29962597780063144,-0.4301647749288299,0.35437085696889925,control
109,1.7279113796342271,2.0316535988433735,0.6220503465408485,1.7243879816271437,1.4874994929430605,control
110,-0.4133561842929167,0.6738825086815532,0.9708387086581558,0.966840017239896,0.9592056017005626,control
111,0.2748703415352215,1.0665666310125426,2.01634034877331,0.6755743976325422,1.808354053329468,control
112,0.8271087389047587,2.1938677441493715,-0.12002534383123384,0.4655916478051969,0.7264609713996436,control
113,0.9530226599416903,1.8756315378446649,0.8786039139451296,-0.04835304028458216,0.7288731052984685,control
114,1.7311105374883422,1.7426501138689892,1.4005846385687575,2.009943523203236,2.0176721663404145,control
115,1.2106970075056847,0.7330618502303523,-0.8055748470986943,0.09521526325979318,0.6136039713822555,control
116,1.382972348423153,0.8963140742481963,0.6536510304049916,1.1623901743171834,1.0795753883371382,control
117,0.6106662110845633,1.9696153457353625,1.0159401696695212,-0.14382473883230923,1.4740064704711044,control
118,-0.4920658192443121,1.7887740714595919,0.4441259324204308,0.10819634268799405,0.4938687464425052,control
119,1.9609541045382688,1.8709913750826601,0.7296138937464628,-0.10049387093646817,1.0319608408710055,control
120,-0.19491928179925733,1.3218277644657757,0.458945865582734,-1.234556627633526,-0.15440403918660944,control
121,0.06183753002237927,-0.23285153409059012,0.14890323260195257,-0.11258769194385196,-0.9098935948587289,control
122,0.17438545877624112,0.9700828301755652,0.1553951710104634,-1.4003220058386239,0.6095080082847426,control
123,0.27214036897664395,0.737547818792154,-1.1994087250300822,0.15340661803464029,-0.8617052540229462,control
124,-0.018238433870829004,1.7457512345145538,0.312715535378044,0.5446614167741443,0.6882667834711218,control
125,0.739148414732285,0.7832927240689657,-0.46668433281294264,-1.115203403640454,-0.3483067381074498,control
126,0.2826472063175901,0.6766068460472854,-0.29247387557282334,-0.3948953196501162,-0.4994596866010694,control
127,0.03045935473666596,0.9727599846184616,-0.2072797766417142,-0.8561066901363907,-0.8039667895160527,control
128,0.5982791058472421,0.6901469985561208,0.10599943104884257,-1.1874374738059232,-0.08745479630335071,control
129,-0.5324973498138331,0.7443068767835206,0.47714830191982277,1.0992911124119336,-1.1205467688101471,control
130,1.445151969601229,0.815227415743758,-0.14058410834256285,-0.6765056552613542,-0.035751293826705194,control
131,-0.6413716575455792,1.5107900821203504,-0.03253106716171979,0.09432251433399402,0.20957500806905555,control
132,1.0632235590259942,1.1807391321281806,-0.5879445413856843,-0.48731540928909806,-0.9867489600853261,control
133,0.37589119975175067,0.5903393114417641,-0.20078503704970593,0.26038091610983416,0.044134132938398726,control
134,1.2645775849741023,0.377291360974779,1.1048485036372186,-0.33557257218616066,0.18637707196863246,control
135,0.891889333176877,0.28829671016236946,-0.09782330620796968,-1.3518661796074192,-0.49380693284122773,control
136,-0.8256119471880031,0.7430872250988336,-0.06789470689725276,1.0979296032182981,-0.5062788558783465,control
137,0.4502908222129284,0.39855128655440275,0.37117490625186117,-0.32803435084070154,0.5069104881086515,control
138,1.6018711433052077,0.9325054444845811,0.44889513050900665,1.0859182136835128,-0.4609249245852748,control
139,0.8998769214373741,2.0155446701637993,1.0067820109987837,-0.03020427369018641,-0.17897178391787755,control
140,-0.9111218745720623,0.8765680713568511,-0.44806919266320167,-0.6976161009639779,-0.29667522255438344,control
141,0.26911571763815767,0.09284516632094242,-0.7772353338272415,-1.1419425509110415,-0.3615267831774719,control
142,-0.5773716775435078,0.48270985644854336,0.35836048473475424,0.3797524182483011,0.2406450102222621,control
143,0.5319174107959557,2.023145874807476,0.839704030699806,-1.6361370132307624,-0.044974367967899005,control
144,1.318355285992493,1.8591807085404806,0.18223824981604647,-0.08964177728738026,-0.8011461304735772,control
145,-0.20433497939740858,1.2872053031879378,0.33819470393054446,0.07731636231421438,0.7272815241227766,control
146,-0.26017399836259536,2.776561365903591,-0.3804884118472174,-0.5860953949116063,0.2962935134260558,control
147,0.7256057820259864,1.0417343856322514,0.9917274296447093,0.054135278154233094,-0.144921357919025,control
148,0.1738207945492791,1.577705627754159,-0.42585826446953673,-0.674929915428218,-0.4891040394513562,control
149,0.31203576916732695,0.6951662428571983,-0.07653838906247863,-0.1460743957113343,0.408106204955481,control
150,-0.5555736182175243,1.3514232394689234,1.7490459175572486,2.2670905430244335,-0.5567851343254763,control
151,-0.6889420388465197,0.016207125809104994,0.8130933553241682,-0.3919964123229871,1.0326225009499472,control
152,0.2509709160722045,0.928628921915978,1.1619539230434615,0.8777103091855476,1.032590669008506,control
153,0.47920832770452215,1.0478670422126721,2.6196859444258314,1.478698883001958,1.1790570108097294,control
154,0.015285271781412035,-0.032642054310936475,3.0323267512211762,1.1616641768689187,2.037247130679297,control
155,0.017504501363632928,-0.27123786438702435,0.34878513472541234,2.4005824255665993,-0.3749995692304266,control
156,0.5245877818386379,0.593135808712741,0.8156212043986011,0.35156417963136455,0.133009156629072,control
157,0.5974715259179382,1.0809547679983387,1.1628278804828267,1.3319666135205863,0.8835646777402896,control
158,0.8183775070611448,-0.26885424049621065,1.2145791196563953,1.6510553257403768,-0.5135308557165521,control
159,-1.5977023322453592,0.2055496220384967,1.3413760031498616,0.9376645363259227,0.40317548284155963,control
160,-0.9931608939188049,-0.09784546231544589,2.390012786832804,1.7241008152650736,-0.5359536961728164,control
161,1.1257559720086059,0.3338652212579363,1.2743883420427329,1.9120147341839706,1.9957003775083544,control
162,-0.25146044343861773,0.8725305652962336,1.7502530257028965,1.3569648456346597,0.6132208397706483,control
163,-0.604977440461716,0.3384864552643192,1.3728882116357615,1.0286153187766152,-0.1887516407731396,control
164,-0.40189236342002227,-0.9676594608481168,1.5315869796632047,0.8747624501828606,0.5861981074807083,control
165,0.32118155093602474,-0.112924085598469,0.3009094328737678,1.0628848019697963,0.3881609168167976,control
166,-0.8870232686436587,1.2280082092220064,0.8510722290661326,-0.15850968756671946,0.19126208387698126,control
167,-0.11486313458451916,-0.10276193545460588,2.772919377270277,2.379154061660169,1.6268155393579482,control
168,1.222224416659912,0.22448470358133643,-0.17515551066485047,1.2484107583952686,1.1785901578782423,control
169,0.16551766500602016,0.18521385525254086,2.4351096000677726,1.0622418805215261,1.4575184071546703,control
170,-0.42890326340942936,0.9376625708105628,1.9310257712930117,0.9429439823159678,0.188757703134864,control
171,-0.6304856835413709,0.3366857985295755,1.4096511715903315,1.7808958617543709,-0.42825296611250396,control
172,0.43357819746200155,0.6664417635627968,1.1187334699137537,-0.4738350535323004,0.42900974053724716,control
173,0.5836650344021806,0.31972040549577296,1.0101973516859795,1.0444263309158217,0.5277985627281991,control
174,-0.49055893329097067,0.009227407032972978,0.2125384236804319,0.8075070151551761,0.9307263940686465,control
175,0.3133265507773268,-0.18922677574410063,1.586569421832377,0.2252143176950997,-0.22837369933592644,control
176,-0.5002551926667713,0.053843663822461085,2.1610782402349527,0.5933451227624791,0.7372849929364159,control
177,1.2108064726817545,0.05460864123678988,1.7908555984511592,1.3750587530662461,1.078534898133062,control
178,0.08571829221721464,0.4196165258051767,-0.02892508672593494,1.9941633881777987,0.7787617626048067,control
179,-0.19884709884355128,0.5295380940084178,0.8097432045198982,0.12452275442855154,-0.2933056042144776,control
180,-1.2302926113878954,-0.2644411886745912,-0.18276181122969726,0.2594067147932762,-0.019928434760813185,control
181,-1.2512322182576996,-0.24570150763069565,0.8656903881797291,0.18845082995626378,0.1823835567014308,control
182,1.4862495508076905,1.1627290596199318,1.2404501554628968,1.2392678680164044,-0.0467774668896483,control
183,0.595660500544732,0.30201542375207424,2.0439506924800583,0.3633839464903726,0.5460867729568795,control
184,0.08970237710045853,0.4712662419899736,0.3954700572708904,1.428802052082975,1.458396394083781,control
185,0.49452044610350177,1.9284634752832304,-0.6397697146990023,1.9895380014242996,0.14339376239929336,control
186,1.5667816768835763,-1.585459169148772,1.5509462811818033,-1.0015783579651756,1.390915414006516,control
187,-0.015499695470046093,1.2465297369989423,1.6015847504258498,2.1437970078842703,0.8948248978970049,control
188,0.2851041201902253,0.9444232537361295,1.100865341356521,1.5265888315355869,1.2459766704028445,control
189,-0.5262019901400439,-0.2065200500656883,0.24275763355339258,0.5753002975449775,0.512270439021305,control
190,-0.028886253921769217,-0.35799178286826194,0.47648324387082974,1.1012854381557826,1.8966520968614917,control
191,-1.2864168901162965,0.31976926866227817,-0.05968131756476458,0.14670732386031726,0.3652428475957097,control
192,-0.32126747045656623,2.2051400108931287,1.3170834364390165,2.7262339432774354,-0.41658347085843894,control
193,-0.7215881467589998,0.5572035005379687,0.477185072651438,0.2780198225603675,0.4897076992604327,control
194,-0.15935688117173602,0.866678843784574,0.7648621520383236,1.141751925599868,1.417533377080106,control
195,0.8744310102346896,-2.624209990677869,-0.05134789442880083,2.0514901429209735,1.876244730251684,control
196,0.7004456654635116,0.6468792022846439,1.092607581169848,1.8184365836509961,-0.16289750082331025,control
197,0.029996416849705665,0.17144808529635092,-0.7421631418307012,-0.03561029890179834,0.2760839178705763,control
198,1.7850820645199434,-0.016010736748998333,1.0998702491300199,0.36681975096570263,0.18912018575877002,control
199,1.2913443835389433,-0.14260540058316762,1.4224022057298782,1.6581331778740542,2.1473946074241095,control
200,1.3451554036688613,-1.2456369960158982,0.8519787614006952,0.4852045954729053,1.817653952109523,control
201,1.226248411163335,0.21696929830199663,2.478893005917027,3.0537038833249106,2.1316522620777096,control
202,0.2662444070401986,-0.0731317528282931,1.4370119508124564,1.6669588867753962,2.903123302072586,control
203,2.469800467072511,0.8997891334545547,1.5905200488282436,1.6548460581239526,-0.10892910519763367,control
204,0.2926077475039165,-0.5085536466077767,1.9419831908188954,1.5334697570965714,1.3979305877223978,control
205,1.0010262920292938,-0.5091268951217716,1.0626321331441013,1.2432318011549497,1.8109730238078965,control
206,-1.280328602421571,0.4743949598982371,1.4139722305962925,1.6368663380008046,2.191688310475219,control
207,-0.7541993449257648,-0.9558200447395688,2.0514068129054945,0.8581123240474947,-0.4486183249205507,control
208,1.4205005269226416,-0.81245794938769,1.9704069436415228,1.5321453310879076,0.7467186973136356,control
209,1.108955385010294,-0.022722298684146658,0.6624121102964812,1.6185765487214698,1.3605470648140174,control
210,-1.1343933711392071,-0.12885816962975682,0.7133436080503329,-0.40408638268910846,0.85297284063949,control
211,1.9311689786535111,-1.331018394608716,0.025724740454673822,1.885825185848256,1.366139018778927,control
212,0.941133208852232,-1.0222360229938703,1.8203626479997572,2.0173515305761733,1.9855224915332244,control
213,1.786383069771877,-0.005284110377438367,-0.19409151143751588,0.5455619884093186,-0.12089207690920989,control
214,0.6954431048632772,-1.7875131831748068,0.11567169534311289,0.7801600327767617,0.5888762597320294,control
215,0.7687593363855693,0.46603817569058825,-0.2047289178425843,1.7160379409372581,1.0363491929520157,control
216,1.3390895273735912,-0.1974277831780683,1.474059417576382,0.8739561664205758,2.1962167810161453,control
217,1.8111361675233297,-0.30512487893336493,-0.06941772108024541,0.40857130376208517,1.0680144039857498,control
218,1.0212682163377018,0.49111571191654413,2.0047530197022954,0.34955495682325294,1.7961616780033576,control
219,2.44922661569916,-1.381817500252025,0.4625471568029234,-0.7976681360481437,0.35710579433464873,control
220,1.3147623449188255,-1.4320993088066662,1.0864194407398449,0.7146427387872276,1.0813647435397835,control
221,1.405719163186439,0.5391757327747577,0.0635206150380353,1.316717464708222,0.16021236658461133,control
222,1.49355281987164,-0.5177112583989081,0.6054417908636069,0.8869198676557359,2.7752078744515543,control
223,1.940241053737243,0.9761210612835106,1.351180850523893,0.11131040104229886,1.7290743533702602,control
224,0.2665280701363024,0.8189335800750153,0.40079508237091893,0.4067029375849329,1.5489619100263388,control
225,1.8621821753310352,-0.7979074146366594,0.05160392641006448,0.6775666196300763,0.9832316771839936,control
226,0.8595851667385973,-0.9312032767269214,1.5087638984905734,1.0006485784034982,1.500410465536846,control
227,1.3797574151229297,0.28169952814748855,0.8654043490352855,1.261599679712616,0.8966640667131438,control
228,1.9519298170856847,-2.302008781860133,3.1693672536392943,1.7384802950893605,3.291861842036319,control
229,2.558567011584127,0.3418449509831136,-0.19312660511865684,0.6684215430532974,-0.17424321126267256,control
230,0.9376425517536012,0.01701634457309298,1.2040758545816206,-0.13234899244580547,3.072005084913971,control
231,2.786190083725473,0.29017881857824274,1.5440254870104901,2.108726571247241,1.26963817711204,control
232,-0.3098758610831973,-0.19181393006737713,2.0407126023022313,0.21182688340791328,2.6130813602751273,control
233,1.9121580913784921,-1.6248573834461553,1.7950418229002518,1.4605453516269549,1.343441666939161,control
234,2.2768569809337347,-0.9798311610638546,0.45309667393819253,1.8276879652799378,0.7074365552634807,control
235,2.4460606611228832,0.13919795247298977,1.3745283554448429,2.1151301315798965,0.7733112725458136,control
236,3.4879004595133782,-1.2192883361153428,2.0798125140282986,2.095965102000933,2.6290349847077805,control
237,3.3790142355915886,0.3320526688989238,0.8877609027657245,1.031221923083665,1.1500932198440872,control
238,0.8130474146904747,-0.5426882457398876,1.4342823974641372,1.7892238327188812,1.3959680670411616,control
239,1.45898364326148,0.4284070978148089,0.7548420064199866,0.1205565536351354,1.6685002953899817,control
240,0.34298379669425644,-3.38477103251227,-0.8167823574340433,-0.8451354536545412,-0.509253372512149,control
241,1.082045546493449,-0.8166253441268858,-1.5544070272680537,-0.5831844915713091,-0.17178223847841922,control
242,0.26419142918452243,-1.3945584817485719,-1.1892179958711906,-1.4451027332853976,-0.40342445693436213,control
243,-0.9635961517188005,-1.5909037988020531,-1.636360388634697,-1.7522946259548284,-0.5442307957955934,control
244,-0.9489488663122829,-1.5137038406817087,-0.9835807978798874,-0.9806044516841533,-0.33234987113792447,control
245,1.2004529674687263,-0.5969382736233975,-1.3921976898629298,0.21501958697465728,-0.4773972893638755,control
246,0.1073058395993283,-1.1337584267529586,-0.7210272983568644,0.6633136910452118,0.8102887996257401,control
247,-0.877976084729635,-0.4916069494728865,-0.42738433729703995,0.06410508677638266,0.036102807838930606,control
248,-0.6787771771538407,-0.869875241978322,-0.7147550621819061,-0.05922328427943646,-0.5017291500061853,control
249,0.2574996879545137,-0.873571394479834,-1.2607804152686581,1.2970521131229467,-0.6733964175876624,control
250,-1.1575399533435662,-1.9533852724153398,-1.2884973757596245,0.1265394436643128,-0.3210231019421261,control
251,0.49509047143626,-0.6261840355859261,-1.453429714385453,-0.5760466451820541,-1.1810824797877846,control
252,0.6203778122512684,-1.5265204302832986,-1.0631402315427023,-0.7007703782371186,0.5475298434056388,control
253,0.9105916860609934,-2.1394413669933194,-1.6833528253189156,0.2013117670542433,0.42028273650139664,control
254,0.12481075596152486,-1.5352903218809084,-1.166217819281711,0.04051715628633262,0.33897307902392454,control
255,-1.0035089923926206,-0.9494223254104123,-1.0712343450238915,0.9038294673087892,-0.25703255842277384,control
256,-1.2831004878092727,-1.1584678621173672,-2.2416781859184494,1.2664157900021518,-0.17634919741220104,control
257,1.1396483638526012,-0.26331363578568107,-1.4335568387822237,-0.09433226347157676,0.2515941822424006,control
258,-1.0632738929105305,-0.7748952895712967,-1.15910060543773,0.2504691152744834,0.4073530161371117,control
259,-0.8990641915708655,-1.7571091792550741,-1.4399112821476385,0.6905693700462381,-0.21179821492533715,control
260,-0.03979275611896241,-0.33383597076777316,-1.4167237746710355,0.5475913533735323,0.3356300761798944,control
261,0.7651641306719402,-1.5480914710318274,-1.2943316003658205,0.8707351181643308,-0.2210140237893072,control
262,0.5771989409525915,-0.19017811293523113,-0.5629133422596773,0.7272031156188786,1.069638024838142,control
263,0.16699093594715525,-2.678104891866189,0.23942315405006587,1.0969766905633933,0.9975856002937841,control
264,-0.07677083176976865,-0.8203592221286793,-0.49963547880582715,1.3003522796529245,1.228183178754111,control
265,0.11806492469789948,-0.39858040649031357,-2.0680514783033215,0.5853978193029388,0.7683807612187057,control
266,-1.1912925790835551,-1.2252875759651976,-1.25106069445394,0.18171906147260675,-0.025337509047043183,control
267,-0.9890802447627297,0.7909223034406343,-1.0382715073071922,0.43627969644409853,0.35364448422912825,control
268,-0.35487841035847234,-1.2946952566903043,-0.3583038243810614,0.5563718763431396,0.8865042991216638,control
269,0.10980471427904104,-0.7685528606134537,-1.0783426130080245,-0.5509876625777688,-0.3432179447653527,control
270,0.12351963308704626,-0.3028002516428163,1.2152772962088592,3.2181894939174662,-0.38408811884635147,control
271,1.1535986699549767,-0.8675251239963944,-0.181675065975545,0.1076969249350225,-1.0947228267151152,control
272,0.44181263848499086,-0.42009252411457454,0.17636898552334482,0.8146709167023428,0.31057596024513445,control
273,1.3405692606603066,-0.0013577836098148666,-0.13999177555191109,-0.4896528765548441,1.3055450966346425,control
274,0.44763773324626005,0.1385824115504033,1.3853267487412635,1.0080986430584278,1.0893360862299821,control
275,-0.19920017167386583,-1.4308609358340523,0.7627422386540754,0.29721451519663306,0.16878478725508375,control
276,1.1542093020005637,0.3551289911343951,-0.191951158005828,-0.7132430067576916,-0.09897849328994354,control
277,0.4056013031723402,-0.9837607096354768,-0.9635741130628979,-2.2299589347243827,-0.5876194225539266,control
278,0.09218044133016695,0.16617645240656653,-0.7062614056177782,-1.8104081511446841,0.4757211368740859,control
279,-0.1385444592991802,-1.7319520907345476,-0.5100936994491654,-1.653774284780606,0.05317852161768899,control
280,0.5143421990400381,-0.8493780289977257,-0.08732785528970505,0.5844861602590217,-0.17975518507423957,control
281,0.5345849179993426,0.057433494676843555,-0.5983368057548545,-0.12429775631920015,0.5984980950961516,control
282,-0.6486627353016927,-0.8094200943082568,-1.038318537452893,-1.8838087433174024,-0.8464046403873818,control
283,3.191952405275486,0.8290093563811634,0.08636500502051597,-0.5687825981237142,0.38246076757034253,control
284,-0.40846022952458044,0.020401294611949727,-0.5635265742516904,-0.12143115202261268,0.03139219503180879,control
285,1.5507191372449876,-1.0061773894528,0.029169581899073177,-0.44019523714547404,0.7804178164302944,control
286,2.108495130143805,-1.2159318579873972,0.3062690350924985,1.568255522008378,0.6912448635107893,control
287,2.6510512642562927,0.042773333064233254,-0.4279414757444566,0.3031193284768161,-0.4753727065423723,control
288,-0.08001958275808488,-0.35017457197161883,0.7989381838225069,0.325891803052622,0.8079971979970757,control
289,0.28599286945733404,1.3578376015066016,0.622263099552535,-0.12598433386766988,0.6770462273094298,control
290,0.5624008995794602,-0.6510880421739028,0.4029021150038016,0.5291201985865678,1.1593666366219324,control
291,0.30189331473877906,-1.2503807959697106,0.4814025747365185,-0.7171437911387556,0.3488967851682366,control
292,2.055772139729847,-0.02805553780814174,-0.20715672659514056,1.0828460233821255,0.6571529249082568,control
293,0.5941420844006012,0.616004085212772,-0.48657003867661397,-0.031931745150008795,0.8961889044610234,control
294,0.20676926868157175,0.024269986844315028,2.4762748389019817,1.9354889108730835,2.3020566762814307,control
295,0.7025831076468797,-0.7097668582986836,0.8217560098039691,1.5260306061071156,0.5017141372642795,control
296,1.5850841999600453,0.6911791720098027,0.03258025630808811,-0.24241109903482505,0.4538753561087816,control
297,0.24832709292710434,0.2403473833283113,-0.8662403945030334,-1.0912037874183809,-0.9632591762910565,control
298,0.2807148836211481,-1.8946669025600145,0.26977143223472827,0.03441971891842293,0.6930891652369114,control
299,0.5963066425932828,-1.1046251869517545,-0.6695683980541217,0.13653609757678428,1.6446042253363722,control
300,-0.566271147621487,-0.1492198014047026,-1.5454724961713897,-2.5963128758806304,-0.908269672598504,alcoholic
301,0.4511367267787312,-0.7658320034140635,-2.0924818477506206,-2.001087280906787,-0.8761240481963783,alcoholic
302,1.5344802253125036,-0.3924550804673339,-1.633792438038568,-1.980555143214927,-2.5618302703302156,alcoholic
303,0.09213231439431621,-0.9070596066057919,-1.516913718706382,-2.288932185696067,-0.9565126826279523,alcoholic
304,-0.3002351662343929,0.5443729058516364,-2.0506397197094017,-2.873421984042328,-1.107143470289965,alcoholic
305,-0.3820752712666435,-0.6962747721434956,-1.5972245391552475,-1.6477483712269132,-1.2758716923363693,alcoholic
306,-0.9243626801525819,-0.8484467058333895,-1.2912162790924095,-2.2701294938279615,-1.4310205229755004,alcoholic
307,-0.013028304479833358,-0.8921115538093378,-1.3572944918927594,-1.7654551630229123,-1.0519303826082689,alcoholic
308,0.4489933986498141,0.02954555370626366,-1.9661012619392153,-2.2776161883464017,-1.0824609475545366,alcoholic
309,-0.6640024168553066,0.01780738185548625,-1.1905053007284212,-1.4964704069599601,-1.5084102114432913,alcoholic
310,0.160786177377329,-0.45110451842249066,-2.258425384661282,-2.226319314543023,-1.1637514504680702,alcoholic
311,-1.2365823409594134,-1.1261208690302333,-1.0892721784478212,-2.1767002049619935,-2.498762308371756,alcoholic
312,0.16725491189025363,-0.26459138695905104,-2.530251945704132,-2.5520754550277056,-1.3748717597049531,alcoholic
313,-0.6981649668371236,0.7827759325793235,-1.1456079897890765,-1.4580618121592013,-1.256290361444664,alcoholic
314,-0.6681875026916615,-0.714364389024085,-1.3598360351182368,-1.3559311243025645,-1.4409611406787723,alcoholic
315,0.4756693251350414,-1.0757684025949263,-1.6788334326831393,-1.6610379400991993,-1.5549948959057782,alcoholic
316,-0.985438435198393,0.10336631003050067,-1.2362211252872375,-2.358835149447084,-1.2451809286478266,alcoholic
317,-0.9941661569032817,-0.15769363927017577,-1.257610983423979,-2.3509759063619846,-1.0778737927626072,alcoholic
318,-0.14731481232545596,-0.19186651341124872,-1.6026559096029183,-1.4282156779390132,-1.612466996234461,alcoholic
319,-0.24647627664466878,-0.1207826912266654,-2.32012976163752,-1.5184436305507074,-1.9366896159711777,alcoholic
320,-0.25570843976460994,-0.09901808571572968,-0.8251142485344911,-3.0741879792405133,-1.284606253806495,alcoholic
321,-0.39993475968685477,-0.6012169013772901,-1.594852009731333,-2.6663238617797953,-1.256969888518836,alcoholic
322,-1.0543978841703905,-0.304114155666096,-1.2759318303669822,-2.6142196592164924,-0.3983999052666489,alcoholic
323,0.8970746432970599,-0.029363545241502642,-0.9130907768299473,-1.788113288091184,-1.5437449572418185,alcoholic
324,-0.9720630043323368,-1.0353329345867397,-0.1573581034376271,-1.4396241362377382,-1.4294830195734818,alcoholic
325,0.8067055609633844,0.1378157557772386,-1.5705053619340554,-1.9492779035703687,-1.146926256954212,alcoholic
326,-0.2544799055511304,0.19738105590521027,-1.2018413727291013,-1.9941217617882887,-0.6916123645119273,alcoholic
327,-0.2975729639801934,-0.24886577951609068,-1.2221676493593745,-1.8604910951133233,-1.1706899236827368,alcoholic
328,0.9296688046784957,-0.15860574217919043,-1.6761937659728503,-1.4510336845265885,-0.6894516746353891,alcoholic
329,0.5318017160054774,-0.32203129889109594,-1.3279061037941267,-1.5230283104525189,-1.9820281997879392,alcoholic
330,-0.8823366977961473,0.8369718367952754,-0.13351923273987026,-0.9202635849768406,-0.26349288000707155,alcoholic
331,-1.0437940183430574,1.084608173035131,-0.11482178962850537,0.3867598951293448,-1.5222547228711294,alcoholic
332,0.009321235137023796,-0.3155376451912899,0.660623839739546,-0.7438094950595509,0.00011538662247184694,alcoholic
333,-0.15765574033077337,1.167821272578808,-0.48290093208180856,0.14638799929452356,0.035054570478788905,alcoholic
334,-0.5970288074494492,0.5258962306688553,-0.6285892678690371,-0.7240891728334065,-0.9706921367979714,alcoholic
335,0.1959109357061697,0.03737424572603265,-0.01807643939956946,0.46094296234075355,1.0693563636960246,alcoholic
336,0.28188046058220506,-0.4923785578088502,0.6184805722169349,-0.5051814463359965,0.501086362748948,alcoholic
337,-1.2646629772684463,0.5526645442899261,-0.09224489522054158,0.1182712486639435,-1.1173494267547326,alcoholic
338,0.43190668584720615,1.6174531799322962,0.23183751628236687,-1.301715032238005,-0.550814887579073,alcoholic
339,-0.25479034918305055,1.4303032916889442,0.42070315092258176,-0.01784439269277549,-0.7483879632119153,alcoholic
340,-0.06720725389936022,0.860791902339608,0.3523873169398189,-0.008843731853668935,0.5515965792663956,alcoholic
341,-0.878680134942637,0.7817497043029702,-0.28272792605599995,0.5492608406337729,-1.06022061462995,alcoholic
342,-0.8485256786544835,0.45711108257267474,-0.913942918769876,-0.3211390218898015,0.11585168378192442,alcoholic
343,-0.9017862254140071,-0.024384879882597854,-0.1761559845636118,0.3196458700683797,-0.520765098862224,alcoholic
344,1.112459592262637,0.3711038422654831,-0.26172842023909726,0.4572601997245761,-0.3950547450800177,alcoholic
345,-0.11167956038830726,0.5781624482670582,-0.2643124138410572,0.6534537608379998,0.8465541529555779,alcoholic
346,-1.042620674454589,0.4237548914545295,0.16853459782896302,0.5691864254190647,0.4731779707980855,alcoholic
347,-1.073362441021748,0.7076714017410133,0.15668064389463876,-0.6362200981602164,-0.08143564179984347,alcoholic
348,-0.6132438043497351,1.0448186849937309,-0.5632878534351873,-1.2574714458941048,0.7025331888135845,alcoholic
349,0.26552617787896937,0.5543582284805395,-0.4233689337566723,0.2787899809030564,-0.13079722179751022,alcoholic
350,-1.055685104575567,1.8920068591006698,0.24207271864032115,-0.4152128680903364,0.8977043295440947,alcoholic
351,-0.3090934483996194,0.8104432152229979,0.5132515961737343,0.0563428686909902,1.2950813286352476,alcoholic
352,-1.6429449004418668,1.3991443497453553,-0.7189738937679131,-0.08312334746857064,-0.8655894736469829,alcoholic
353,0.35177356055034337,0.22823606999583435,0.35506701859094525,-0.8753168486053851,-1.2387577797102207,alcoholic
354,-0.3377875897615174,0.8563193651010557,0.13689888552093152,-0.7557852241657139,-0.9322474435893418,alcoholic
355,0.26291866250295953,1.2561117756973683,0.3458419921617582,-0.961773850585508,0.8909773157009464,alcoholic
356,-0.06835819344267668,0.9056477952065237,-0.23056899920469057,-0.5185382330709262,-0.5739077722132179,alcoholic
357,-0.8460879009054203,0.8203805117002085,-0.9579048977349803,-0.4790491070824937,-1.1655096689547617,alcoholic
358,0.5517466337157856,1.2340219160744945,-0.5947511472419916,-0.8385852025770002,-0.594961436109433,alcoholic
359,0.5436084886666785,2.305050806858517,-1.3234696904047785,-1.190428789568466,0.1376040520325203,alcoholic
360,-1.638812432313192,-0.4938195823930509,-3.9689146128247144,-1.4499724084105974,-5.0853490660466525,alcoholic
361,-0.503026608792345,-0.3933030377944058,-3.003309083575968,-1.4800959666569327,-4.458030304611175,alcoholic
362,-1.3382045822094826,0.08204616561827116,-1.0407777522373263,-0.72104859505889,-0.6953235283329694,alcoholic
363,0.05451595180181376,0.3341794781187972,-0.9983721447544281,-1.3676452632315637,-0.795714709304807,alcoholic
364,-1.4691194511720136,-0.6085695743277153,-1.6633001160582117,-0.12633462622216007,-1.370489465861784,alcoholic
365,-1.9936567656051296,0.456763354090326,-0.8815220601495684,0.41589594867186286,-1.5502756866192282,alcoholic
366,-0.04271256759617784,0.7628399792792053,-1.827509372768512,-1.2519436135388649,-1.2800810346351088,alcoholic
367,-0.570527588113715,0.5288456013392107,-0.9025332796246538,-1.553614810613083,-1.1664767937807423,alcoholic
368,-1.0224826224797565,0.4562048550102271,0.2764682789310407,-1.1785513484528423,-0.5388000553332986,alcoholic
369,-1.2150495980367315,0.7503715060516856,-0.4306832481725589,-0.1780130129436542,-1.2593229372791224,alcoholic
370,-1.724785137394348,0.2686233464940466,-0.9224664226025983,-1.4664538563111793,-1.4088535683638663,alcoholic
371,-1.4499028938866025,0.17057888161378387,0.3349243600044085,-1.0903369067018274,-0.8366411584083546,alcoholic
372,-0.666252937549248,-0.16145821400472005,-0.06424738207335404,-0.5183893113434749,-1.0540663457111816,alcoholic
373,-1.411219096396575,0.5729427034370921,-0.3518822032194198,-0.7148962145840025,0.09532228904479004,alcoholic
374,-1.420107371349142,0.4107396851602935,-1.185368015875475,-1.0636851891489345,0.208998298484731,alcoholic
375,-0.20458835834105538,0.5868827923927948,-0.5943390984170905,0.1450675136787237,0.5739521744721019,alcoholic
376,-0.9667613174083513,1.0253323175724927,1.6840737799335075,-0.07947135912200004,1.0985646019272697,alcoholic
377,0.11681138732606969,0.5805842996457529,0.3899272442460376,-1.125525564074156,-0.1631410229304937,alcoholic
378,-0.43444994486166966,1.288245892171278,0.2795549873784509,-0.12198048996714705,1.0965331858745373,alcoholic
379,-1.2421406759687361,-0.4678510524199915,0.0051040906520751494,0.407893530224733,-1.0996986575379957,alcoholic
380,-0.935682941240875,0.2937713703628886,-0.11637989281036473,-0.6721905470253302,-1.8132384888212036,alcoholic
381,-0.8121024684444907,-0.28848601840210764,-0.3911317474364717,-0.7640505916095197,-1.2128469376924071,alcoholic
382,0.4792184019117073,-0.03021571597471784,-0.8388852448139985,-0.7309661944082881,-0.9150910597467768,alcoholic
383,-0.6694000438731369,1.1495058924730475,0.05139325056275476,-0.2635541549612098,-0.2371776287923167,alcoholic
384,-1.3022390747991295,0.2496239073964297,0.4075286942630242,-0.3931835811293838,-0.7730836494838205,alcoholic
385,-0.578545981113286,0.994065528486235,-0.7919699178971802,-1.0363263056729246,-1.1010909856853726,alcoholic
386,-1.7749324446562025,-0.06908106999350205,-0.37180435318890204,-0.3992925432424075,-0.4695817585301304,alcoholic
387,0.12130674746191394,0.6225606485588839,1.1090907287004916,-0.7000709451619753,-0.7384169009580266,alcoholic
388,-0.9537835765766176,0.2660508709049867,0.697144704001975,-0.5535287741835195,-0.6850053276449504,alcoholic
389,0.33246896155370576,-0.3587788764987203,0.375138415733866,-0.0715346613348018,-0.5271861147808035,alcoholic
390,-0.5163628875471631,-1.3366341791402756,0.9047234323608867,1.5557104495146445,0.7563760284757252,alcoholic
391,-1.224523458542453,-0.05418281354566945,2.2074874825338897,1.8432222803345402,2.604369053685361,alcoholic
392,2.3355280299450873,-0.7083239973970339,1.4473382114030466,-0.479938614569817,1.0486717825801923,alcoholic
393,1.5718398019215662,0.07461891911764429,1.7118745338716816,1.7946099056745195,1.0309881225055642,alcoholic
394,2.0644159302769265,-1.3846017608841086,1.1873314797239725,1.1072467212512,0.6588972078825199,alcoholic
395,1.2301896369801288,-1.722065363041254,0.38459685882157435,0.1472149239419005,0.5257123593771057,alcoholic
396,0.48695100795372503,-0.8121098437575738,0.06454927570265022,0.20181562953208798,0.37092599506431323,alcoholic
397,0.18948307183780816,-0.12761471937090563,2.960167813134613,2.103437614392953,2.99301036108897,alcoholic
398,0.3452621293236203,-0.5018980229528226,1.7483662495929786,-0.3071175481141053,2.2958512660133716,alcoholic
399,-0.7695580578098528,-2.2041328015589983,1.8276497186168488,1.6992888500226764,3.2474327035376582,alcoholic
400,0.43353887963591375,-0.6724083385089349,0.8615167183903715,0.6505794351505731,1.3701748183333518,alcoholic
401,0.7482682666481182,-1.8492865960274654,0.7638961165688017,0.035647661108234974,0.24028257567995676,alcoholic
402,0.08739658342764223,-0.9003112247561937,0.8150955834725575,0.4244905348619775,1.1137060864286488,alcoholic
403,-0.21566724503274437,-0.19176591422874725,0.07547490463468759,0.32855591376242144,-0.2884824288144125,alcoholic
404,-1.0865326100008526,-1.01072177414585,1.1445229758947115,1.2470370365217816,0.7682632301156285,alcoholic
405,-0.04679436847898243,-2.2269099323613633,1.0420074865560682,2.4305333741450976,-0.19493955791406264,alcoholic
406,-0.618408905989789,-1.4680631636115928,0.6927290199997684,0.5650528134935675,0.8471514219325156,alcoholic
407,0.9512115478653547,-0.1458564095628181,0.7958110190077488,1.5585683276474525,0.6048070549177232,alcoholic
408,-1.237201954351659,-1.1951734158407974,0.34653836502684326,1.3424214822521798,0.014636459299816162,alcoholic
409,-0.7674108626296542,0.7169564299675135,1.6022992086641785,1.2717710645658373,0.906083733980971,alcoholic
410,1.046849616451961,0.5264199035937334,0.7261954038154921,0.28423027723130573,1.0097479068851678,alcoholic
411,0.493281165100768,-0.19075726925611913,0.31557369692224474,0.6154659478967759,1.1503590754341144,alcoholic
412,-0.26822147183482115,-0.6349260524724252,1.945064432292108,1.0317539994066507,1.8057237110518742,alcoholic
413,0.26547159397239445,-0.6172799861124436,1.3958629946196996,0.7868899191706067,2.1840025557643408,alcoholic
414,0.039043652418059405,-1.1655622896889228,1.627172458230669,1.2194903930627858,0.2341931707031411,alcoholic
415,-0.06800495173680288,-0.48894969502961105,0.6259795355056943,2.0893595513451184,1.5309547061290576,alcoholic
416,-2.070499277023651,-0.6933131830511747,1.3535735045638206,0.9104640179012561,-0.2575766291423486,alcoholic
417,0.8302014764677781,-0.1910934357120171,0.5617382125186249,1.2515092942057315,0.09325204617165328,alcoholic
418,1.5357790198232235,-2.0786816372914,0.36269879614371126,1.488566487323206,0.15873748924001305,alcoholic
419,0.7563367784796643,0.5949851366676429,0.9165288921861787,-0.07382588619853392,1.4396469834514116,alcoholic
420,0.08890264720946028,-0.771046904460642,-1.5386518064908405,-0.0838323758823169,-0.9395728406570844,alcoholic
421,0.29162988531769607,1.0146310256828557,0.6040777714885068,-0.5606104976924238,0.6980902592552285,alcoholic
422,-0.2744042780377416,-0.3473985487004625,-0.4352485718642649,0.3192099233454106,-0.8796127366270979,alcoholic
423,-1.2577253342484804,-1.1440756565573638,0.03694139513091871,-0.5083407049426437,-1.6559335671438737,alcoholic
424,0.893432528862518,-0.9753776418229234,-0.3632682396399991,0.21128388253148678,1.0252511286016928,alcoholic
425,-1.0992022913982398,-0.8675291486138805,-0.8708182771309708,-0.20333258144996974,-0.7887413447121211,alcoholic
426,-1.186759104257593,0.008624816875225205,-0.5816259905630379,0.10469976733750233,-1.0817377822503715,alcoholic
427,-0.24056028200090368,0.3048126267708273,-0.8862223287850223,0.3423460763112103,-0.33468345934433413,alcoholic
428,-0.20368910421725622,-0.6487833921578755,-1.2421640918707708,-0.6047377739696228,-0.758183188288586,alcoholic
429,-0.7565873995620599,-0.45886774045646117,0.20152773190896667,1.3537085314940547,0.08643271316995842,alcoholic
430,-0.6956053601783844,-1.448555508660936,-1.367090468747506,0.3519425202553654,0.5889871553198092,alcoholic
431,-0.3593500227335388,-1.3083108459089114,0.008933163399584665,-0.1417233039036953,1.4625141873077305,alcoholic
432,1.9235912006194733,0.5355048571474819,0.013226662138019318,0.676891648708539,-0.028566210170587247,alcoholic
433,-0.1919775117896082,-1.5198536187349239,-1.2160619790708014,-0.06282477430015013,-0.25012741947859257,alcoholic
434,0.5782455441648773,0.7965117130608468,0.32654609588331474,0.9574584901633308,0.5458593974873958,alcoholic
435,-0.8200974543132165,0.08620445484377393,-0.6162869707091609,-0.27798905690754155,-0.4346978973397734,alcoholic
436,-0.5220312048155334,0.5004254262493535,-1.6224254250690082,-0.8429286154093343,-1.3266936524041426,alcoholic
437,-0.8314400127777246,-0.21887456392367843,-0.9361193146314177,-0.027431834761372374,-0.968779565004341,alcoholic
438,-0.3068577106279251,-0.3171294162021199,0.17790727374999477,1.4867546718537454,-0.7203258554718798,alcoholic
439,0.45150469775625235,0.1252690311133291,-0.4288592157462917,0.4678205168820496,-0.28385838904042654,alcoholic
440,-1.3613911772944116,-0.6986461561996732,-1.274453668576449,-0.5688285001629358,0.27320568825065905,alcoholic
441,-1.1847942445075301,-1.0581439967343347,-0.12385677163000207,0.7871885356507881,-0.7672078601758449,alcoholic
442,0.2883125420969273,-0.8097034113627998,-0.5713387488050462,-0.19011207309667663,0.648560768784672,alcoholic
443,0.353416230266356,-0.32624261003149535,-1.4431379405738076,-0.8769542819636265,-0.11842197289372719,alcoholic
444,0.7053564039018726,-0.4644778692723256,-0.15922613962245724,-0.30190373721776687,0.6433335729197263,alcoholic
445,-0.9634124100844533,-0.8390040221086539,-0.39364891724676354,-0.05767725639402707,-0.8352717199617847,alcoholic
446,-0.4285404838628989,-1.7409004590770933,0.4298505581023542,-1.173282519021555,-0.6261087600080717,alcoholic
447,0.25316209057766925,-0.43466463928730376,-1.1406582166076533,-0.1987766548320134,-0.7263596614537791,alcoholic
448,-0.7356490643551304,-0.09493095930637868,0.5069066938760859,0.8643796170871305,-0.4322187876741832,alcoholic
449,-0.5999608063786627,-3.001671815248826,-0.016143432063549547,0.8825386130695536,0.35694660960304814,alcoholic
450,-0.9277829606235317,-2.7098492706740136,-1.1112895540818415,-2.534892669083793,-1.2615252895860276,alcoholic
451,-1.1130032979018263,-0.7872290412005355,-2.82423152087459,-0.5295498473564313,-1.717511561866734,alcoholic
452,-1.9509623130279437,-1.1924618423553681,-0.9190633054821649,-1.0553289191665116,-1.1991218104427825,alcoholic
453,0.4075984436292325,-1.3744860133715548,-1.2837873460806581,-0.8275985677359319,0.012036322926044424,alcoholic
454,-0.19373327410562902,-1.4230975964840102,-0.9214206989065186,-0.03545941335103997,-0.6177373742194848,alcoholic
455,-1.3568798794882613,-1.346243947800505,-1.7679021903373906,-0.42037048604230376,-1.726696133063049,alcoholic
456,-1.7762397177621372,-2.0178628423765654,-1.1337865406765342,-0.5623358493351605,-1.0208192716403954,alcoholic
457,-0.6066015497583781,-1.7208253424253503,-2.0423414953188743,-0.7945230189566607,-2.2247510519762974,alcoholic
458,-2.0357962000007293,-2.019135697223092,-0.7393997344768034,-0.3402126684130026,-0.8544626448025956,alcoholic
459,-0.8760580604851498,-1.9533381361050592,-1.4553391565527958,-1.115744170009425,-1.1497363493197446,alcoholic
460,-0.4502993933307654,-1.9524484556332802,-1.7972115208850312,0.01854950192092006,0.1965461862215783,alcoholic
461,-1.1872013309147227,-1.5848288407918178,-1.4267939799565323,-1.4981897756396763,-1.6029308360659886,alcoholic
462,-2.163118638865682,-1.9313529153182332,-1.0228932197809282,-0.3893268600318881,-0.9796926760369021,alcoholic
463,-0.6565735943565385,-2.4016150547908355,-1.7969743477029971,-0.5664090864033732,-0.8272341255608886,alcoholic
464,-1.520969575227118,-1.5498259403965147,-2.0446576158202423,-0.9580817284448951,-1.2110556149286746,alcoholic
465,-0.5671035485846566,-2.2989971499659703,-0.9676800390938728,1.191401724970195,-0.9156439274483833,alcoholic
466,-1.1685231229014783,-1.9304740127026818,-1.4878074022716212,-1.1213433436826619,-1.4190060949904268,alcoholic
467,-1.7561871110154066,-1.7811398783049786,-0.6269669067535851,-0.48063932607393445,-1.0444360469026035,alcoholic
468,-0.29626067786097365,-2.2517637300206284,-0.636511786804941,-0.9745462744784632,-1.4936343754127468,alcoholic
469,-2.008273338536555,-2.6569066284261185,-0.9180748410324575,-0.8462356075363481,-0.6606457773971676,alcoholic
470,-2.171789049464192,-1.2606228204388694,-1.3104479277142402,-0.3787894722450628,-0.9174044115347697,alcoholic
471,-1.8491819625413735,0.4078950057594939,-1.237482492660027,-1.5216353602895116,-0.8613758146761079,alcoholic
472,-0.9146917852645826,-1.9424024257442882,-1.4382764052380113,-0.9608475038971216,-1.3150255708321765,alcoholic
473,-0.9088735242635186,-0.9631081895661598,-1.4614515163300223,-0.7075699933691979,-1.6489717608205479,alcoholic
474,-0.5293662461829662,-1.32739980308175,-1.8482356993713978,-0.6506697556231712,-1.8904934159717384,alcoholic
475,-2.0251231492730306,-1.2778530478318788,-0.897858338032715,0.06276337444244869,-2.3283631501615396,alcoholic
476,-0.7076082174917582,-1.7271894491496722,-1.6240043439679475,0.02863451662133004,-1.0274299484422664,alcoholic
477,-2.130004059260607,-0.4741419708439012,-0.7226509465510135,-0.03185574036586997,-0.24879659359717382,alcoholic
478,-1.6957017966412915,-0.9537130568428234,-1.7995526187298172,-1.3870766521260123,-0.4704086279516454,alcoholic
479,-0.6604039093950526,-1.45258394859087,-1.8626574127160422,-0.5632754820121555,-1.7173368629506789,alcoholic
480,-0.9576662614072438,0.31809031804416765,-0.5821133702132895,0.3116232647094786,-0.5810707271941277,alcoholic
481,-0.3946383146297536,-0.21249246006730527,-0.21689912889182494,0.3372117956802774,0.7136986477044498,alcoholic
482,-1.0419231959696158,-0.12768263945914504,0.933183972922349,2.1940948191272214,-0.25770061569024,alcoholic
483,-0.33927355912599666,0.3441344860209832,-0.056893853362998625,1.4183248500729455,-1.2723627300226998,alcoholic
484,-0.2783498203258904,-0.348144200749511,-0.5864407781447545,-0.6475039593549401,-1.2170140450265832,alcoholic
485,-1.1416919841642221,-1.5982998291781985,-0.481016145721627,-1.5872796109904992,-1.2291504128680422,alcoholic
486,-1.6214003325246702,-0.19691446505642407,0.8611929001638485,-0.8178874145756134,-0.9402921804280668,alcoholic
487,-0.9398758727013066,0.8319877494290338,0.3606814991308445,1.1979768000485471,-1.0028763205028552,alcoholic
488,-1.0768617997467094,-0.10355616599231121,0.343805720694911,0.6135149314798302,0.4938630770443791,alcoholic
489,-1.5742130168678539,1.29152068560394,1.1581342989746433,0.8398077104680548,-1.7683492396333866,alcoholic
490,-1.0196519028002957,0.03454629236221762,-0.5469157812167534,0.5937836544437611,-0.6434794844614069,alcoholic
491,-1.5771068574728802,0.6230864716190693,-0.32361792763868436,0.8000252140315967,-0.9916089865471973,alcoholic
492,-1.948272547069428,-1.339904275561096,-1.2661180658220161,0.2012968306349916,-1.3168856910128182,alcoholic
493,-0.7751781848964805,1.2486798719507712,-1.0292316423289627,0.3454701965764849,-1.7680771645835431,alcoholic
494,-1.406585612794624,-0.2803310988499542,-0.2790459837658319,-0.11179138061872322,-2.3758312889834348,alcoholic
495,-2.318059802749826,-1.2281719738537253,0.10923666894767337,-1.2659510290145686,-1.686811975686771,alcoholic
496,-1.7438277268730153,-2.1941226025371083,-0.06160152518617856,-0.32877518352652246,-2.2341852791661503,alcoholic
497,-0.19960630819562392,-0.41164125746880487,0.4419813119365733,0.8411511001649642,-0.7565884717823583,alcoholic
498,-2.2546541751450944,0.14087259128538676,-0.03276658246375785,-0.33839824619519154,-1.7669295319937761,alcoholic
499,-1.5515074606385855,-0.9032789750659596,-0.8319664660795549,1.1229400028526721,-1.1497394343378968,alcoholic
500,-1.0721559690407723,-0.6019931966594537,0.3062335131644077,0.07324398301953583,0.2550677626448324,alcoholic
501,-2.5375595807698472,0.43166315921276,-0.9382200429839048,2.36083901889341,-0.10252365116009735,alcoholic
502,-2.3414609409272917,1.1899210077686733,0.43505385235652627,1.3231305679700616,0.721296341999325,alcoholic
503,-2.2113383805012385,0.5472317482297813,-0.5326616942894703,-0.17546594920895675,-1.3516775403901402,alcoholic
504,-0.8944397963624462,0.4040899408554708,0.3794583646300437,0.854703669560885,-0.6733799770766954,alcoholic
505,-2.702219612152204,-0.25069598459050346,0.2007313226185375,-0.16566686000477404,0.6880289316825335,alcoholic
506,-2.3072646707324234,-0.4214416441413087,0.8640466658965293,0.5117391231486004,1.0485735602425008,alcoholic
507,-2.205205358239133,0.9157313884593539,0.005609560260736841,-0.20365235972785414,-1.2007028200685683,alcoholic
508,-1.1522027727312503,0.0527667526579082,-0.5457842037761799,0.2832994750511767,-0.26538488096834634,alcoholic
509,-1.2524266470965342,0.016349850336186744,-0.07626311829854794,0.5298735838006019,0.2263778288527423,alcoholic
510,-0.100735545586641,-0.7838196686825911,-0.5605750034875437,-0.12778251846111166,-0.6833729328518771,alcoholic
511,0.9848944911684183,-0.21649235105047704,0.31618923635290913,-1.2216297352269565,-0.652955332593696,alcoholic
512,1.1102505979700577,1.3589956905442209,-1.1294971789004173,-0.9249246434315557,1.2509836305658324,alcoholic
513,0.012678818556832873,0.3691746657826336,-0.9040555887859033,-1.8206388311426536,0.6700716636764437,alcoholic
514,1.2034590269165708,1.3640315718382445,-1.2241579959031346,-0.5469875226340741,-0.2594936580079609,alcoholic
515,0.6676539282069441,-1.22829259137523,-1.0538139647990012,-0.39208932073625535,-0.9399635170813592,alcoholic
516,0.6957781654688968,-0.861039631539174,0.48562337084971824,-0.656934733968298,-0.2224052722319304,alcoholic
517,0.943510592304269,0.013240511014100065,-0.8075419520633988,-0.40548821314684197,-0.5290924077414105,alcoholic
518,1.0377000724910574,-2.222980296192984,-0.07109459593699888,-0.35437950941559654,-0.8962614927158521,alcoholic
519,0.9471671825911748,-0.9183441730166141,-1.076029170454934,-0.5733463357193718,0.3867128097495039,alcoholic
520,1.3959147771188518,-1.4518791741022896,-0.9943657999514295,-1.1000592973501573,-0.23762101509080286,alcoholic
521,0.5601877406395132,-1.4566160691474126,-0.23993288571642954,-0.8474388761638336,-0.7182957935163798,alcoholic
522,1.193334209253218,0.44992924960053715,1.236672681731778,-1.3951233599674986,0.9972769690071772,alcoholic
523,0.471464438727798,-1.4016005023453446,-0.671985114556309,0.25293524527231115,0.1388238345541448,alcoholic
524,0.062109077730834635,1.3204804770178342,0.7143297579643892,-2.0805522296494905,-0.24368807667085185,alcoholic
525,2.23669063454371,-2.0527949015717937,-0.08596733859355257,-1.5077508935005324,0.17658981865964815,alcoholic
526,-0.665931910867517,-0.5526923885826867,0.896066837952742,0.9011674121499129,0.632642583865718,alcoholic
527,1.5405077761656736,-0.5227456143301682,0.42015082324116254,-0.5733180476296603,0.07145790243097018,alcoholic
528,-0.02288843179014255,-1.4499290940799576,-0.23828690401118324,-1.0646612755839568,-1.3660214561245687,alcoholic
529,0.11122656966217292,-0.7862553392983864,0.8408488589736814,-0.22694336526469158,0.24819942948188964,alcoholic
530,0.5149773133991463,-1.494960449689174,-0.22095683067936706,-1.4927898865461233,-1.6299075992266223,alcoholic
531,0.9098496469553863,-0.6188540353406816,-1.5904940452863927,-1.5341925580798539,-0.40697596768540656,alcoholic
532,0.43856834385975846,-1.0992689911360123,-0.6065869298823225,-0.5250356186857098,-1.3022038015679018,alcoholic
533,-0.08285808189009697,0.5849266939455168,-0.17100522971304924,0.7130150131044453,-0.16698003978538917,alcoholic
534,-0.28931759694197623,-1.7531199156091155,-1.1974126378052647,-0.06195416610123805,-1.1972250131300821,alcoholic
535,0.8482970757082401,-1.5414331963788688,-0.623215449561296,0.0715603281639624,-0.9282167301348678,alcoholic
536,0.5753607751966182,-0.24891734791358644,-0.1054337932434008,0.8564265092722113,1.2839082041593868,alcoholic
537,-0.009725194146096384,-0.9914214046485916,-0.6995100367825591,0.40085019491572765,-0.40057147827764733,alcoholic
538,-0.28786153621109595,0.5781168382541793,-0.45973554193920285,-1.668532262902028,-0.6151961020575328,alcoholic
539,1.2533796737266871,-0.1293770266981259,0.18904358467943433,-0.22368222148444833,0.4493510499305672,alcoholic
540,-0.9984367338390383,-0.15137473327885465,-1.449584007565482,-1.248389155289097,-0.9267371995412903,alcoholic
541,0.7674601185322416,-0.1360624228625842,-1.8438417661740045,-0.8565109560720418,-1.3978624945265254,alcoholic
542,-0.2864807244271322,-1.3169954699991835,-1.36401479197262,0.523321689312528,1.2559321106017698,alcoholic
543,-0.024620781437654116,0.07267643728642736,-1.1546747816585494,-1.7662519413389277,-0.9094031002648683,alcoholic
544,0.19811601111539479,0.3325066890207973,-0.7131099533997634,0.22274912220078977,-0.7548402696006866,alcoholic
545,-0.8991163033432102,-0.7113827367996092,-0.7926758254555404,0.1486995835786003,-0.16658595846160912,alcoholic
546,-1.2365104778447964,-0.7629221034533777,-1.0931897403222215,-0.5612479088056513,-0.9453747416087355,alcoholic
547,-1.3452606678237256,-0.5546314400618841,-1.4442129997771063,-1.1769283681615756,0.4126008818044989,alcoholic
548,-0.35782641003861826,-0.7017626838540334,-1.4195013230911058,-1.7609690985437658,0.16175281923796014,alcoholic
549,-0.9255205800042959,-0.19356510134106375,-1.3716358611860364,-0.6128478648980169,-1.1050591187569092,alcoholic
550,-0.36842799940338555,-1.0056463395166264,-0.6933854724849671,0.40305960465291446,0.6787916025814369,alcoholic
551,-1.372589983281444,-1.011435899368764,-1.268010038005583,-0.31125130761480446,-1.5082349268239188,alcoholic
552,-0.8144469448761429,-0.1105973455291464,-1.102195673174201,-1.0772255523876295,-0.9585762289135988,alcoholic
553,0.17355113088912663,-1.3181453395492075,-1.434260445707208,-0.6050399932935338,0.1532703131766824,alcoholic
554,-1.5213496436583391,-1.3918379646377266,-0.503439986768686,-0.6638420933270184,-0.18990289042335348,alcoholic
555,-1.2965013306713815,-0.21210259591298253,-2.1160593372803307,-0.402607674000933,0.9741511908277856,alcoholic
556,-0.04486275906159021,-0.42631549774903243,-1.5674677180248047,-1.1885689899625158,0.15541994102506748,alcoholic
557,-0.357166585775254,0.4993724398625088,-1.1951918454884078,-0.805342757678541,-1.3851329887181962,alcoholic
558,0.6116632956875594,-1.298601388583548,-1.2666839116366517,-0.10223079513930883,-0.79760108926622,alcoholic
559,-0.2701798183129395,-0.5361114478409135,-1.323750627935551,0.19435762597987602,-0.48183952456075485,alcoholic
560,-0.3775445903102989,0.12614993179252054,-0.9331055748846119,-0.3360395868675732,-1.7547372122475657,alcoholic
561,-0.38899838496526995,-0.4140351018166142,-1.3266106859569555,-0.6298315071629639,0.624267956887392,alcoholic
562,-0.3479155959542809,-0.7655850150222046,-1.9202971157017032,-1.3859997759988363,-0.7883668047764179,alcoholic
563,0.04855735896840335,0.7700461624019239,-1.5386114922955374,-0.28004381916010324,-0.6419958057009798,alcoholic
564,0.23554300944162454,-0.9170091604826779,-1.6176272883646101,-0.4646750774822441,-1.0922502701513008,alcoholic
565,-1.0298843207485675,-0.004512392452522107,-1.09284126979221,0.5485108203092187,-1.412217067361201,alcoholic
566,-0.06488073048548601,-0.5975876266386702,-1.0708458447570335,-0.26118469595234106,-0.5481589145523338,alcoholic
567,-0.16816395130234457,0.39262307728451407,-1.2981913424296494,-1.0208721290206353,0.2565123287625856,alcoholic
568,-0.49006010764853813,-0.14910217760704042,-1.5860601558236407,-0.6563312404501436,-1.0633911557387783,alcoholic
569,-0.3685806957606598,-0.29925758471939323,-1.742078709295153,-0.974581538518241,-0.7998758630872562,alcoholic
570,0.19254475359394485,-1.1046151351218825,0.339232934567427,0.5281450819031571,-0.34143144187412444,alcoholic
571,-0.3059248742380531,0.8521183890965438,-0.5615605629194088,-1.7176742451702762,-1.0131083248415633,alcoholic
572,-0.03912002190915774,-2.2705776511516613,0.32685938242825846,-1.3263995241007733,-0.03553130594591222,alcoholic
573,1.4132098083375868,-1.4680492336324509,-0.47578977616319723,-0.2959627583194296,-1.6089953223726106,alcoholic
574,1.6223974440178877,0.20367119811039358,0.2944824270683361,-0.7886009986454142,2.588296958604321,alcoholic
575,1.5119079173356265,-1.3840011597414605,0.1739139474055953,-0.8759659725626072,-0.27712046064565543,alcoholic
576,-1.1670815145681526,-0.22582691832663793,-0.20714918993380074,-1.6837984375773511,-0.0376350410889261,alcoholic
577,-0.5774392547373796,0.7282909041182872,-0.3488334225682615,-0.6321486486419695,-0.1255252646096586,alcoholic
578,-1.1789514123772116,-1.0133794740182507,0.5340488341927356,-0.4475959369578354,0.192610438789791,alcoholic
579,-1.4715698818644023,-1.1180303014096156,0.665015841216489,-2.443106596133699,0.9039730004555246,alcoholic
580,-1.2339698110137354,-0.17128876775654622,-0.24695386318332896,-0.695034840888935,0.31378686752564894,alcoholic
581,1.0955651459652134,0.4732348081053326,1.4230932623462569,0.26649975890243327,0.6839773793546884,alcoholic
582,0.5798210674995838,-0.11947048631600232,2.431562992080098,-0.13050878723901135,2.639951560124727,alcoholic
583,2.0486297741524666,-0.26890468434137416,0.20198765303495647,-1.0441759774441155,-0.6316513072197056,alcoholic
584,-0.21132312081778182,0.21148360981056225,-1.362832537441018,-0.015486847719513114,0.2692441438826719,alcoholic
585,-1.802281546376588,0.3383239296822924,0.23106194419256804,-1.2253110664529565,-0.06444934287721321,alcoholic
586,-1.191258532616011,-1.0862475699536138,0.31764720168879085,-1.5584304932926727,-0.6323886216974723,alcoholic
587,-1.0427789975601964,-0.5930945837895193,-0.586082104091687,-1.7159538211715963,0.608561626007159,alcoholic
588,0.24611184458790855,-1.9799415149014916,-0.29036791354549274,-1.5451174960983276,0.052081902198841956,alcoholic
589,-0.04290371420100372,-0.8582052803025344,1.1098363689781312,-1.458015334389004,0.26159002206145343,alcoholic
590,-0.7769768677651862,-0.6074986061356132,0.9407143758006342,-1.1829013391773011,-0.6272849341951695,alcoholic
591,-0.06992840734382472,-0.9373528388868023,0.5167496067084083,-1.1969978861260755,1.4904916633667022,alcoholic
592,0.8576140282058937,0.19426598339892487,0.5651684806558844,-1.124690986809458,0.3802634053764178,alcoholic
593,0.060247051641659555,-0.6868279477147514,-1.098296134702334,-1.103637643317957,0.49239161526479824,alcoholic
594,0.7230888680054385,-0.4894598890532278,0.19193179917089231,-0.5913859071391557,1.4429802365279802,alcoholic
595,1.5169079643097596,-1.7918799471446352,0.9330035877994924,-0.8307678519156644,0.11030859468826301,alcoholic
596,-0.07532341799522402,-0.17152877317672371,-1.147749256106124,-1.328828713079046,-0.3038113057982221,alcoholic
597,-1.7414619840724292,-1.0596959346734423,1.3668602865509376,-0.9323200930613327,0.9727666968578927,alcoholic
598,-0.5170630364113225,-0.598727023027511,0.3455345227438175,-0.7888253434681268,-0.48580667049171916,alcoholic
599,-1.1344984436587087,-1.9268146297876574,-0.035414769482231497,-1.0743429488109402,-0.19804202982029687,alcoholic
